aaa,0.0
ability,0.0
able,0.0
abraham,0.0
absolute,0.0
absolutely,0.0
absolutly,0.0
ac,0.0
accent,0.0
accept,0.0
acceptable,0.0
access,0.0
accessibility,0.0
accessible,0.0
accidentally,0.0
accolades,0.0
accommodate,-0.11210578417875504
accommodated,0.0
accommodating,0.0
accommodation,0.0
accommodations,0.0
accomodate,0.0
accomodating,0.0
accomodations,0.0
account,0.0
acknowledge,0.0
acknowledged,0.0
acted,0.0
action,0.0
active,0.0
activities,0.0
activity,0.0
actual,0.0
actually,0.0
ada,0.0
add,0.0
added,0.0
addition,0.0
additional,0.0
additionally,0.0
address,-0.08247831188770957
addressed,0.0
adds,0.0
adequate,0.0
adjacent,0.0
adjoining,0.0
adjust,0.0
adjusted,0.0
admit,0.0
adorable,0.0
adult,0.0
adults,0.0
advance,0.0
advantage,0.0
adventure,0.0
adventures,0.0
advertised,0.0
advice,0.0
advise,0.0
advised,0.0
advisor,0.0
affect,0.0
afford,0.0
affordable,0.0
afraid,0.0
afternoon,0.0
afternoons,0.0
age,0.0
agency,0.0
agent,0.0
ages,0.0
ago,0.0
agree,0.0
agreed,0.0
ahead,0.0
aid,0.0
air,0.1735543714016182
airline,0.0
airport,0.0
airy,0.0
al,0.0
alarm,0.0
albany,0.0
alcohol,0.0
alex,0.0
alive,0.0
allergies,0.0
alley,0.0
allocated,0.0
allow,0.0
allowed,0.0
allowing,-0.08247831188770957
allows,0.0
aloft,0.0
alot,0.0
alternative,0.0
alway,0.0
amanda,0.0
amazed,0.0
amazing,0.0
amazingly,0.0
ambiance,0.0
ambience,0.0
amenities,0.0
amenity,0.0
america,0.0
american,0.0
amex,0.0
ammenities,0.0
ample,0.0
anaheim,0.0
andrew,0.0
angel,0.0
angeles,0.0
angelesmarriott,0.0
angels,0.0
animals,0.0
annex,0.0
anniversary,0.0
annoying,0.0
annual,0.0
answer,0.0
answered,0.0
answering,0.0
answers,0.0
anticipated,0.0
antique,0.0
antonio,0.0
ants,0.0
anytime,0.0
apart,0.0
apartment,0.0
apartments,0.0
apologetic,0.0
apologies,0.0
apologize,0.0
apologized,0.0
apology,0.0
app,0.0
apparent,0.0
apparently,0.0
appealing,0.0
appear,0.0
appearance,0.0
appeared,0.0
appears,0.0
appetizer,0.0
appetizers,0.0
apple,0.0
applebees,0.0
apples,0.0
appliances,0.0
appointed,0.0
appreciate,0.0
appreciated,0.0
apprehensive,0.0
appropriate,0.0
approximately,0.0
april,0.0
aqua,0.0
aquarium,0.0
arch,0.0
architecture,0.0
area,0.19846035363094755
areas,0.0
aren,0.0
arena,0.0
aria,0.0
arizona,0.0
arlington,0.0
arm,0.0
arms,0.0
arrange,0.0
arranged,0.0
arrangements,0.0
arrival,0.0
arrive,0.0
arrived,0.0
arrives,0.0
arriving,0.0
art,0.0
artists,0.0
artwork,0.0
asap,0.0
asheville,0.0
ashley,0.0
asian,0.0
aside,0.0
ask,0.0
asked,0.0
asking,0.0
aspect,0.0
aspects,0.0
asset,0.0
assigned,0.0
assist,0.0
assistance,0.0
assistant,0.0
assisted,0.0
associates,0.0
assortment,0.0
assume,0.0
assure,0.0
assured,0.0
astor,0.0
ate,0.0
athens,0.0
atl,0.0
atlanta,0.0
atlantic,0.0
atlantis,0.0
atm,0.0
atmosphere,0.0
atrium,0.0
att,0.0
attached,0.0
attempt,0.0
attempts,0.0
attend,0.0
attendant,0.0
attendants,0.0
attended,0.0
attendees,0.0
attending,0.0
attends,0.0
attention,0.0
attentive,0.0
attitude,0.0
attitudes,0.0
attract,0.0
attraction,0.0
attractions,0.0
attractive,0.0
august,0.0
augusta,0.0
aunt,0.0
ausgezeichnetes,0.0
austin,0.0
australia,0.0
authentic,0.0
authority,0.0
auto,0.0867771857008091
autobus,0.0
automated,0.0
automatic,0.0
automatically,0.0
automobiles,0.0
avail,0.0
availability,0.0
available,0.0
ave,0.0
avenue,0.0
average,0.0
avoid,0.0
avons,0.0
awaited,0.0
awaiting,0.0
awake,0.0
awakened,0.0
awards,0.0
aware,0.0
away,-0.08247831188770957
awesome,0.0
awesone,0.0
awful,0.0
awhile,0.0
awkward,0.0
awoke,0.0
awoken,0.0
baby,0.0
bachelor,0.0
bachelorette,0.0
backed,0.0
background,0.0
backing,0.0
backward,0.0
backwards,0.0
backyard,0.0
bacon,0.0
bad,0.0
badly,0.0
bag,0.0
bagels,0.0
bags,0.0
bailey,0.0
baked,0.0
baker,0.0
bakery,0.0
balance,0.0
balconies,0.0
balcony,0.0
ball,0.0
balloon,0.0
ballpark,0.0
balls,0.0
bally,0.0
baltimore,0.0
banana,0.0
band,0.0
bang,0.0
banging,0.0
bank,0.0
banquet,0.0
bar,-0.029764836549859047
barbara,0.0
bardessono,0.0
bare,0.0
barefoot,0.0
barely,0.0
bargain,0.0
barking,0.0
barn,0.0
barnes,0.0
bars,0.0
bartender,0.0
bartenders,0.0
base,0.0
baseball,0.0
based,0.0
basement,0.0
basic,0.0
basically,0.0
basics,0.0
basis,0.0
basket,0.0
basketball,0.0
baskets,0.0
bass,0.0
bat,0.0
bath,0.0
bathing,0.0
bathrobes,0.0
bathroom,0.0
bathrooms,0.0
baths,0.0
bathtub,0.0
baton,0.0
batter,0.0
battery,0.0
bay,0.0
bayley,0.0
baymont,0.0
bb,0.0
bbq,0.0
bc,0.0
beach,0.0
beaches,0.0
beachfront,0.0
beacon,0.0
beams,0.0
beat,0.0
beaten,0.0
beatiful,0.0
beats,0.0
beautiful,-0.11210578417875504
beautifully,0.0
beauty,0.0
bed,0.0
bedbugs,0.0
bedding,0.0
bedroom,0.0
bedrooms,0.0
beds,0.1386253004953197
bedside,0.0
bedspread,0.0
bee,0.0
beer,0.0
beers,0.0
began,0.0
begin,0.0
beginning,0.0
behalf,0.0
behaved,0.0
behaviour,0.0
believe,0.0
bell,0.0
bellagio,0.0
belle,0.0
bellhops,0.0
bellman,0.0
bellmen,0.0
belonged,0.0
belongings,0.0
ben,0.0
bench,0.0
bend,0.0
beneath,0.0
benedict,0.0
benefit,0.0
benefits,0.0
benning,0.0
benson,0.0
bent,0.0
bentley,0.0
berries,0.0
best,0.0
bet,0.0
bethlehem,0.0
better,0.08500724344307381
beverage,0.0
beverages,0.0
beware,0.0
bianca,0.0
bicycle,0.0
bien,0.0
bienville,0.0
big,0.0
bigger,0.0
biggest,0.0
bike,0.0
bikes,0.0
biking,0.0
billed,0.0
billings,0.0
bills,0.0
billy,0.0
bingo,0.0
birch,0.0
birding,0.0
birthday,0.0
birthdays,0.0
biscuit,0.0
biscuits,0.0
bistro,0.0
bit,0.0
bite,0.0
bites,0.0
biting,0.0
black,0.0
blame,0.0
blamed,0.0
blanket,0.0
blankets,0.0
blast,0.0
bleach,0.0
bleiben,0.0
blessing,0.0
blew,0.0
blinds,0.0
bliss,0.0
block,0.0
blocked,0.0
blocks,0.0
blood,0.0
bloody,0.0
bloom,0.0
blooming,0.0
blow,0.0
blowing,0.0
blown,0.0
blue,0.0
blueberry,0.0
blvd,0.0
board,0.0
boarding,0.0
boards,0.0
boardwalk,0.0
boasts,0.0
boat,0.0
boats,0.0
bob,0.0
body,0.0
boiled,0.0
boise,0.0
bomb,0.0
bonfire,0.0
bonus,0.0
bonuses,0.0
book,0.0
booked,0.0867771857008091
booking,0.0
bookings,0.0
books,0.0
boon,0.0
boring,0.0
bosch,0.0
boston,0.0
bother,0.0
bothered,0.0
bothering,0.0
bottle,0.0
bottled,0.0
bottles,0.0
bought,0.0
bourbon,0.0
boutique,0.0
bowl,0.0
bowling,0.0
box,0.0
boxer,0.0
boxes,0.0
boy,0.0
boyfriend,0.0
boys,0.0
brand,0.0
brands,0.0
bread,0.0
breads,0.0
break,0.0
breaker,0.0
breakfast,0.05855802914077076
breakfasts,0.0
breakfeast,0.0
breakfest,0.0
breaking,0.0
breaks,0.0
breath,0.0
breathe,0.0
breathtaking,0.0
breeze,0.0
brewery,0.0
brewing,0.0
brewster,0.0
brick,0.0
bricktown,0.0
bridal,0.0
bride,0.0
bridesmaids,0.0
bridge,0.0
brief,0.0
bright,0.0
brilliant,0.0
bring,0.0
bringing,0.0
broad,0.0
broadwalk,0.0
broadway,0.0
brochure,0.0
broke,0.0
broken,0.0
brookshire,0.0
broome,0.0
brother,0.0
brothers,0.0
brought,0.0
brown,0.0
browns,0.0
brunch,0.0
bryan,0.0
bubble,0.0
bubbles,0.0
buck,0.0
bucket,0.0
bucks,0.0
budget,0.0
buffalo,0.0
buffet,0.0
buffets,0.0
buffett,0.0
bug,0.0
bugs,0.0
build,0.0
building,0.0
buildings,0.0
built,0.0
bulbs,0.0
bunch,0.0
buns,0.0
burger,0.0
burgers,0.0
burn,0.0
burnet,0.0
burns,0.0
burnt,0.0
bus,0.0
busch,0.0
business,0.0
businesses,0.0
bustle,0.0
busy,0.0
butler,0.0
butlers,0.0
butter,0.0
button,0.0
butts,0.0
buy,0.0
bw,0.0
bwi,0.0
byron,0.0
ca,0.0
cab,0.0
cabana,0.0
cabin,0.0
cabins,0.0
cable,0.0
caesars,0.0
caf,0.0
cafe,0.0
cake,0.0
california,0.0
called,0.0
calling,0.0
calls,0.0
calm,0.0
cambridge,0.0
came,0.0
cameras,0.0
camp,0.0
camper,0.0
campers,0.0
camping,0.0
camps,0.0
campus,0.0
canada,0.0
canal,0.0
cancel,0.0
canceled,0.0
cancellation,0.0
cancelled,0.0
candlewood,0.0
candy,0.0
cane,0.0
canterbury,0.0
canton,0.0
canyon,0.0
capacity,0.0
cape,0.0
capital,0.0
capitol,0.0
captain,0.0
captures,0.0
car,0.0
carbs,0.0
card,0.0
cardio,0.0
cards,0.0
care,0.0
cared,0.0
career,0.0
careful,0.0
cares,0.0
caring,0.0
carl,0.0
carlo,0.0
carlos,0.0
carlton,0.0
carneros,0.0
carol,0.0
carolina,0.0
carolyn,0.0
carpet,0.0
carpets,0.0
carried,0.0
carroll,0.0
carry,0.0
carrying,0.0
cars,0.0
cart,0.0
carts,0.0
case,0.0
cases,0.0
casey,0.0
cash,0.0
casino,0.0
casinos,0.0
casita,0.0
casitas,0.0
castle,0.0
casual,0.0
cat,0.0
catalina,0.0
catch,0.0
catching,0.0
categories,0.0
category,0.0
catered,0.0
catering,0.0
cats,0.0
caught,0.0
cause,0.0
caused,0.0
cave,0.0
cedar,0.0
ceiling,0.0
ceilings,0.0
celebrate,0.0
celebrated,0.0
celebrating,0.0
celebration,0.0
celebrations,0.0
cell,0.0
cement,0.0
cemetary,0.0
cemetery,0.0
centennial,0.0
center,0.0
centers,0.0
central,0.0
centrally,0.0
centre,0.0
centric,0.0
centro,0.0
century,0.0
cerca,0.0
cereal,0.0
cereals,0.0
ceremony,0.0
certain,0.0
certainly,0.0
cesar,0.0
chain,0.0
chains,0.0
chair,0.0
chairs,0.0
challenge,0.0
challenges,0.0
challenging,0.0
chambre,0.0
champagne,0.0
chance,0.0
chandelier,0.0
change,0.0
changed,0.0
changes,0.0
changing,0.0
channel,0.0
channels,0.0
chaotic,0.0
chapel,0.0
character,0.0
characters,0.0
charge,0.0
charged,0.0
charger,0.0
charges,0.0
charging,0.0
charles,0.0
charleston,0.0
charlie,0.0
charlotte,0.0
charm,0.0
charming,0.0
chase,0.0
chat,0.0
chateau,0.0
chatted,0.0
cheap,0.0
cheaper,0.0
cheapest,0.0
check,0.0
checked,0.0
checkin,0.0
checking,0.0
checkout,0.0
checkouts,0.0
checks,0.0
cheep,0.0
cheerful,0.0
cheerfully,0.0
cheers,0.0
cheery,0.0
cheese,0.0
cheesecake,0.0
cheeses,0.0
chef,0.0
chelsea,0.0
cherokee,0.0
cherry,0.0
cheryl,0.0
chi,0.0
chic,0.0
chicago,0.0
chicken,0.0
chihuly,0.0
child,0.0
children,0.0
chill,0.0
chilly,0.0
chimney,0.0
china,0.0
chincoteague,0.0
chinese,0.0
chip,0.0
chipped,0.0
chips,0.0
chlorine,0.0
chocolate,0.0
chocolates,0.0
choice,0.0
choices,0.0
choose,0.0
choosing,0.0
chose,0.0
chosen,0.0
chris,0.0
christ,0.0
christina,0.0
christine,0.0
christmas,0.0
chula,0.0
church,0.0
cigarette,0.0
cigarettes,0.0
cincinnati,0.0
cinnamon,0.0
circle,0.0
circumstances,0.0
cities,0.0
citizen,0.0
city,0.0
citys,0.0
claim,0.0
claimed,0.0
claire,0.0
class,0.0
classic,0.0
classically,0.0
classy,0.0
clean,0.028843750295109667
cleaned,0.0
cleaner,0.0
cleanest,0.0
cleaning,0.0
cleanliness,0.0
clear,0.0
cleared,0.0
clearly,0.0
clearwater,0.0
clementeassistant,0.0
clerk,0.0
clerks,0.0
client,0.0
clients,0.0
climate,0.0
climb,0.0
clinton,0.0
clock,0.0
clogged,0.0
close,0.0867771857008091
closed,0.0
closeness,0.0
closer,0.0
closes,0.0
closest,0.0
closet,0.0
closets,0.0
closing,0.0
clothes,0.0
cloud,0.0
clouds,0.0
club,0.0
clubs,0.0
clue,0.0
coast,0.0
cockroach,0.0
cockroaches,0.0
cocktail,0.0
cocktails,0.0
coconut,0.0
cod,0.0
code,0.0
coeur,0.0
coffee,0.0
coin,0.0
coke,0.0
cold,0.0
cole,0.0
colleagues,0.0
collect,0.0
collected,0.0
collection,0.0
college,0.0
collins,0.0
colonial,0.0
color,0.0
colorado,0.0
colored,0.0
colors,0.0
colts,0.0
columbia,0.0
columbus,0.0
com,0.0
combined,0.0
combines,0.0
combo,0.0
come,0.0
comes,0.0
comfort,0.0
comfortable,0.1386253004953197
comfortably,0.0
comforter,0.0
comforters,0.0
comforts,0.0
comfy,0.0
comin,0.0
coming,0.0
commend,0.0
commended,0.0
comment,0.0
commented,0.0
comments,0.0
commercial,0.0
commitment,0.0
committed,0.0
common,0.0
community,0.0
commute,0.0
commuting,0.0
comp,0.0
compact,0.0
company,0.0
comparable,0.0
compare,0.0
compared,0.0
comparison,0.0
compassionate,0.0
comped,0.0
compelled,0.0
compensation,0.0
competent,0.06928737139556088
competing,0.0
competition,0.0
competitive,0.0
competitors,0.0
complain,0.0
complained,0.0
complaining,0.0
complaint,0.0
complaints,0.0
complement,0.0
complementary,0.0
complete,-0.11210578417875504
completed,0.0
completely,0.0867771857008091
completing,0.0
complex,0.0
complimentary,-0.08247831188770957
compliments,0.0
comprehend,0.0
compromised,0.0
computer,0.0
computers,0.0
concept,0.0
concern,0.0
concerned,0.0
concerns,0.0
concert,0.0
concerts,0.0
concierge,-0.08247831188770957
concoctions,0.0
concrete,0.0
condemned,0.0
condition,0.0
conditioned,0.0
conditioner,0.0
conditioning,0.0867771857008091
conditions,0.0
condo,0.0
condom,0.0
condoms,0.0
condos,0.0
conducive,0.0
conduct,0.0
conference,0.0
conferences,0.0
confidence,0.0
confirm,0.0
confirmation,0.0
confirmations,0.0
confirmed,0.0
conformation,0.0
confortable,0.0
confrontational,0.0
confusing,0.0
confusion,0.0
congestion,0.0
congratulations,0.0
congress,0.0
connect,0.0
connected,0.0
connecticut,0.0
connecting,0.0
connection,0.0
connie,0.0
conrad,0.0
cons,0.0
consider,0.0
considered,0.0
considering,0.0
consistent,0.0
consistently,0.0
consists,0.0
constant,0.0
constantly,0.0
construction,0.0
contact,0.0
contacted,0.0
contacting,0.0
contemporary,0.0
context,0.0
continental,0.0
continually,0.0
continue,0.06933792909975883
continued,0.0
continues,-0.11210578417875504
contract,0.0
control,0.0
controlled,0.0
controlling,0.0
controls,0.0
convenience,0.0
conveniences,0.0
convenient,0.0
conveniently,0.0
convention,0.0
conversation,0.0
conversations,0.0
convertible,0.0
convienent,0.0
convienient,0.0
cook,0.0
cooked,0.0
cooker,0.0
cookie,0.0
cookies,0.0
cooking,0.0
cooks,0.0
cool,0.0
cooler,0.0
coolest,0.0
cooling,0.0
cooper,0.0
cops,0.0
cordial,0.0
cornell,0.0
corner,0.0
cornstalk,0.0
corporate,0.0
correct,0.0
corrected,0.0
correctly,0.0
corridor,0.0
cost,0.0
costs,0.0
cosy,0.0
cottage,0.0
cottages,0.0
couch,0.0
couches,0.0
couldn,0.0
count,0.0
counter,0.0
country,0.0
county,0.0
couple,0.0
coupled,0.0
couples,0.0
coupon,0.0
coupons,0.0
course,0.0
courses,0.0
court,0.0
courteous,0.0
courteously,0.0
courtesy,0.0
courtyard,0.0
courtyards,0.0
cousin,0.0
cover,0.0
covered,0.0
covers,0.0
cozy,0.0
crack,0.0
crackers,0.0
cramped,0.0
crawling,0.0
craziness,0.0
crazy,0.0
cream,0.0
create,0.0
created,0.0
creative,0.0
credit,0.0
credits,0.0
creek,0.0
crest,0.0
crete,0.0
crew,0.0
crib,0.0
crisp,0.0
criteria,0.0
critical,0.0
criticism,0.0
cross,0.0
crowd,0.0
crowded,0.0
crowds,0.0
crown,0.0
crowne,0.0
cruise,0.0
crystal,0.0
cubs,0.0
cup,0.0
cupboard,0.0
cupcakes,0.0
cups,0.0
curb,0.0
curly,0.0
current,0.0
currently,0.0
curry,0.0
curtain,0.0
curtains,0.0
custom,0.0
customer,0.0
customers,0.0
cut,0.0
cute,0.0
cutest,0.0
cutter,0.0
cycling,0.0
cynthia,0.0
da,0.0
dad,0.0
daily,0.0
dalmatian,0.0
damage,0.0
damaged,0.0
damages,0.0
dan,0.0
dana,0.0
dance,0.0
daniel,0.0
daniela,0.0
danielle,0.0
danish,0.0
danny,0.0
dans,0.0
dark,0.0
das,0.0
data,0.0
date,0.0
dated,0.0
dates,0.0
daughter,0.0
daughters,0.0
dave,0.0
david,0.0
dawn,0.0
day,0.0
daylight,0.0
days,0.0
dayton,0.0
dc,0.12917298223538667
dcor,0.0
dead,0.0
deal,0.0
dealers,0.0
dealing,0.0
deals,0.0
dealt,0.0
dean,0.0
deanna,0.0
dear,0.0
debbie,0.0
debit,0.0
debris,0.0
dec,0.0
decades,0.0
decalvin,0.0
decatur,0.0
deceiving,0.0
december,0.0
decency,0.0
decent,0.0
decently,0.0
decide,0.0
decided,0.0
deciding,0.0
decision,0.0
deck,0.0
declared,0.0
deco,0.0
decor,0.0
decorated,0.0
decorating,0.0
decoration,0.0
dedicated,0.0
deep,0.0
deer,0.0
def,0.0
defects,0.0
defiantly,0.0
definately,0.0
definatly,0.0
defines,0.0
definetly,0.0
definite,0.0
definitely,0.06933792909975883
definitions,0.0
degree,0.0
degrees,0.0
dejeuner,0.0
dejongechef,0.0
del,0.0
delay,0.0
delayed,0.0
delays,0.0
deli,0.0
delicious,0.0
delight,0.0
delighted,0.0
delightful,0.0
delish,0.0
deliver,0.0
delivered,0.0
delivers,0.0
delivery,0.0
dells,0.0
deluxe,0.0
demand,0.0
demanded,0.0
demanding,0.0
denise,0.0
dennis,0.0
denny,0.05855802914077076
dennys,0.0
denver,0.0
deny,0.0
depart,0.0
departed,0.0
department,0.0
departments,0.0
departure,0.0
depend,0.0
dependable,0.0
depending,0.0
deplorable,0.0
deposit,0.0
depressing,0.0
dept,0.0
der,0.0
derfor,0.0
desayuno,0.0
described,0.0
describing,0.0
description,0.0
desert,0.0
deserve,0.0
deserved,0.0
deserves,0.0
design,0.0
designated,0.0
designed,0.0
desire,0.0
desired,0.0
desk,0.0
desks,0.0
desolate,0.0
desperate,0.0
desperately,0.0
despite,0.06928737139556088
dessert,0.0
desserts,0.0
destination,0.0
destinations,0.0
detailed,0.0
details,0.0
detergent,0.0
detroit,0.0
devices,0.0
dial,0.0
diamond,0.0
diana,0.0
dias,0.0
dicey,0.0
dickinson,0.0
did,0.0
didn,0.0
didnt,0.0
die,0.0
diego,0.0
diet,0.0
dietary,0.0
difference,0.0
different,0.0
differently,0.0
difficult,0.0
difficulties,0.0
difficulty,0.0
digital,0.0
diligently,0.0
dillon,0.0
dim,0.0
dime,0.0
dine,0.0
dined,0.0
diner,0.0
dingy,0.0
dining,0.0
dinner,0.0
dinning,0.0
dip,0.0
direct,0.0
directed,0.0
directing,0.0
direction,0.0
directions,0.0
directly,0.0
director,0.0
dirt,0.0
dirtiest,0.0
dirty,0.0
disabled,0.0
disappoint,0.0
disappointed,0.0
disappointing,0.0
disappointment,0.0
disappoints,0.0
disaster,0.0
disclaimer,0.0
discount,0.0
discounted,0.0
discounts,0.0
discover,0.0
discovered,0.0
discovery,0.0
discuss,0.0
disgust,0.0
disgusted,0.0
disgusting,0.0
dish,0.0
dishes,0.0
dishwasher,0.0
dismissive,0.0
disney,0.0
disneyland,0.0
dispensers,0.0
disrepair,0.0
disruptive,0.0
distance,0.0
distances,0.0
distasteful,0.0
district,0.0
disturb,0.0
disturbing,0.0
diverse,0.0
divided,0.0
divider,0.0
dixie,0.0
dj,0.0
dock,0.0
doctor,0.0
dodge,0.0
does,0.0
doesn,0.0
doesnt,0.0
dog,0.0
doggy,0.0
dogs,0.0
doing,0.0
dollar,0.0
dollars,0.0
dome,0.0
don,0.0
donna,0.0
dont,0.0
donuts,0.0
door,0.0
doorman,0.0
doormen,0.0
doors,0.0
doorstep,0.0
dorm,0.0
double,0.0
doubles,0.0
doubt,0.0
doug,0.0
doughnuts,0.0
dove,0.0
downfall,0.0
downhill,0.0
downside,0.0
downstairs,0.0
downtown,-0.11210578417875504
dozen,0.0
dozens,0.0
dr,0.0
drag,0.0
drain,0.0
drained,0.0
drapes,0.0
draw,0.0
drawback,0.0
drawer,0.0
drawers,0.0
dreadful,0.0
dream,0.0
dressed,0.0
dresser,0.0
dressing,0.0
dried,0.0
drink,0.0
drinker,0.0
drinking,0.0
drinks,0.0
dripping,0.0
drive,0.0
driven,0.0
driver,0.0
drivers,0.0
drives,0.0
driving,0.0
drooling,0.0
drop,0.0
dropped,0.0
dropping,0.0
drops,0.0
drove,0.0
drug,0.0
drugs,0.0
drunk,0.0
drunken,0.0
drury,0.0
dry,0.0
drydenassistant,0.0
dryer,0.0
dryers,0.0
drywall,0.0
du,0.0
dual,0.0
dubai,0.0
dubious,0.0
duke,0.0
dukes,0.0
dumbbells,0.0
dumonde,0.0
dump,0.0
dumpster,0.0
dunes,0.0
duquesne,0.0
dusk,0.0
dust,0.0
dusty,0.0
duty,0.0
duval,0.0
dvd,0.0
eager,0.0
earlier,0.0
early,0.0
earn,0.0
earned,0.0
earplugs,0.0
ears,0.0
earth,0.0
ease,0.0
easier,0.0
easily,0.0
east,0.0
easter,0.0
easton,0.0
easy,0.0
eat,0.0
eaten,0.0
eateries,0.0
eating,0.21418022567846048
eats,0.0
eclectic,0.0
econolodge,0.0
economical,0.0
economy,0.0
ecstatic,0.0
ed,0.0
edgar,0.0
edge,0.0
edible,0.0
edward,0.0
een,0.0
efficiency,0.0
efficient,0.0
efficiently,0.0
effort,0.0
efforts,0.0
egg,0.0
eggs,0.0
eher,0.0
ein,0.0
el,0.0
electric,0.0
electricity,0.0
electronic,0.0
elegance,0.0
elegant,0.06928737139556088
elephant,0.0
elevated,0.0
elevator,0.0
elevators,0.0
elgergeneral,0.0
elimination,0.0
elite,0.0
elizabeth,0.0
elk,0.0
ellen,0.0
elliptical,0.0
ellis,0.0
elsah,0.0
email,0.0
emailed,0.0
emails,0.0
embassy,0.0
emergency,0.0
emily,0.0
emp,0.0
employee,0.0
employees,0.0
empriss,0.0
en,0.0
encountered,0.0
encourage,0.0
end,0.0
ended,0.08500724344307381
ending,0.0
ends,0.0
endured,0.0
enemy,0.0
energy,0.0
enforced,0.0
engaged,0.0
engineering,0.0
england,0.0
english,0.0
enhanced,0.0
enjoy,-0.22421156835751008
enjoyable,0.0
enjoyed,0.0
enjoying,0.0
enjoys,0.0
enormous,0.0
ensure,0.0
ensured,0.0
ensuring,0.0
enter,0.0
entered,0.0
entering,0.0
entertain,0.0
entertainment,0.0
enthusiastic,0.0
entire,0.0
entirely,0.0
entrance,0.0
entrees,0.0
entry,0.0
environment,0.0
envoy,0.0
equally,0.0
equipment,0.0
equipped,0.0
era,0.0
eric,0.0
error,0.0
es,0.0
escape,0.0
esmeralda,0.0
esp,0.0
especially,0.12917298223538667
establishment,0.0
establishments,0.12917298223538667
estacion,0.0
et,0.0
europe,0.0
evan,0.0
eve,0.0
evening,0.0
evenings,0.0
event,0.0
events,0.0
eventually,0.0
everybody,0.0
everyday,0.0
everytime,0.06933792909975883
evidence,0.0
evidently,0.0
exact,0.0
exactly,0.0
exam,0.0
example,0.0
exceed,0.0
exceeded,0.0
exceeding,0.0
exceedingly,0.0
exceeds,0.0
excelente,0.0
excellence,0.0
excellent,-0.11210578417875504
exception,0.0
exceptional,0.0
exceptionally,0.0
excited,0.0
excitement,0.0
exciting,0.0
excursion,0.0
executive,0.0
exemplary,0.0
exercise,0.0
exhaust,0.0
exhausted,0.0
exit,0.0
exorbitant,0.0
expanding,0.0
expect,0.0
expectation,0.0
expectations,0.0
expected,0.0
expecting,0.0
expedia,0.0
expense,0.0
expenses,0.0
expensive,0.0
experience,0.0
experienced,0.0
experiences,0.0
experiencing,0.0
explain,0.0
explained,0.0
explaining,0.0
explore,0.0
exploring,0.0
exposed,0.0
express,0.0
expressed,0.0
exquisite,0.0
extend,0.0
extended,0.0
extensive,0.0
extensively,0.0
exterior,0.0
external,0.0
extra,0.0
extraordinarily,0.0
extraordinary,0.0
extras,0.0
extremely,0.0
eye,0.0
eyes,0.0
fab,0.0
fabulous,0.0
face,0.0
faced,0.0
faces,0.0
facilities,0.0
facility,0.0
facing,0.0
fact,0.0
factor,0.0
factory,0.0
fail,0.0
fair,0.0
fairfield,0.0
fairly,0.0
fall,0.0
falling,0.0
falls,0.0
familiar,0.0
families,0.0
family,-0.09905220794541993
famous,0.0
fan,0.0
fancy,0.0
fans,0.0
fantastic,0.0
far,0.0
fare,0.0
farmer,0.0
fashion,0.0
fashioned,0.0
fast,0.0
father,0.0
faucet,0.0
fault,0.0
fave,0.0
favor,0.0
favorable,0.0
favorite,-0.013190940492148693
favorites,0.0
favourite,0.0
feather,0.0
feature,0.0
features,0.0
feb,0.0
february,0.0
fee,0.0
feed,0.0
feedback,0.0
feel,-0.08247831188770957
feeling,0.0
feels,0.0
fees,0.0
feet,0.0
fell,0.0
fells,0.0
felt,0.0
female,0.0
ferry,0.0
festival,0.0
fhr,0.0
fi,0.0
fianc,0.0
field,0.0
fifth,0.0
fighting,0.0
figure,0.0
figured,0.0
filled,0.0
filling,0.0
filthy,0.0
final,0.0
finally,0.0
finding,0.0
fine,0.0
finest,0.0
finish,0.0
finished,0.0
finishing,0.0
fireplace,0.0
fireworks,0.0
firm,0.0
firmer,0.0
fish,0.0
fishing,0.0
fit,0.0
fitness,0.0
fits,0.0
fitted,0.0
fix,0.004298873813099533
fixed,0.0
fixtures,0.0
fl,0.0
flags,0.0
flagstaff,0.0
flair,0.0
flat,0.0
flatscreen,0.0
flawless,0.0
flew,0.0
flexible,0.0
flies,0.0
flight,0.0
flights,0.0
fll,0.0
floating,0.0
flooded,0.0
floor,0.0
floors,0.06928737139556088
florida,0.0
flower,0.0
flowers,0.0
fluffy,0.0
flush,0.0
flushed,0.0
fly,0.0
flying,0.0
folks,0.0
follow,0.0
followed,0.0
following,0.0
fond,0.0
food,0.14356527258384458
foods,0.0
foot,0.0
football,0.0
forced,0.0
foremost,0.0
forest,0.0
forever,0.0
forge,0.0
forget,0.0
forgot,0.0
forgotten,0.0
form,0.0
fort,0.0
forth,0.0
fortunate,0.0
fortunately,0.0
fortune,0.0
forward,0.06928737139556088
foul,0.0
fourth,0.0
fox,0.0
foyer,0.0
francisco,0.0
frank,0.0
frankly,0.0
free,0.0
freehold,0.0
freeway,0.0
freeways,0.0
freindly,0.0
fremont,0.0
french,0.0
frequent,0.0
frequently,0.0
fresh,0.05855802914077076
freshly,0.0
friday,0.0
fridge,0.0
friend,0.0
friendliest,0.0
friendliness,0.0
friendly,0.06928737139556088
friends,0.0
frig,0.0
frills,0.0
frosty,0.0
fruit,0.0
fruits,0.0
frustrating,0.0
frustration,0.0
ft,0.0
fuego,0.0
fulfill,0.0
fully,0.0
fun,0.0
functional,0.0
funeral,0.0
funky,0.0
funny,0.0
fur,0.0
furnished,0.0
furnishings,0.0
furniture,0.0
future,0.0
ga,0.0
gal,0.0
galleries,0.0
gals,0.0
galt,0.0
gamble,0.0
gambling,0.0
game,0.0
games,0.0
garage,0.0
garbage,0.0
garden,0.0
gardens,0.0
gary,0.0
gas,0.0
gated,0.0
gateway,0.0
gather,0.0
gathering,0.0
gatlinburg,0.0
gave,0.0
gel,0.0
gem,0.0
genafer,0.0
general,0.0
generally,0.0
generous,0.0
gentleman,0.0
gentlemen,0.0
genuine,0.0
genuinely,-0.11210578417875504
george,0.0
georgia,0.0
getaway,0.0
gets,0.0
getting,0.0
gf,0.0
giant,0.0
giants,0.0
gift,0.0
gifts,0.0
girl,0.0
girlfriend,0.0
girlfriends,0.0
girls,0.0
given,0.0
gives,0.0
giving,0.0
glad,0.0
gladly,0.0
glass,0.0
glasses,0.0
glen,0.0
glory,0.0
gloucester,0.0
gluten,0.0
gm,0.0
goal,0.0
god,0.0
goes,0.0
going,0.08500724344307381
gold,0.0
golden,0.0
golf,0.0
gone,0.0
good,0.14356527258384458
goodness,0.0
google,0.0
gorgeous,0.0
got,0.0
gotten,0.0
gourmet,0.0
government,0.0
gps,0.0
grab,0.0
grabbed,0.0
grace,0.0
gracious,0.0
graciously,0.0
graduation,0.0
grand,0.0
grandchildren,0.0
granddaughter,0.0
grande,0.0
grandkids,0.0
grandma,0.0
grandmother,0.0
grandson,0.0
granite,0.0
granted,0.0
grass,0.0
grateful,0.0
gravy,0.0
great,0.13073595861842405
greater,0.12917298223538667
greatest,0.0
greatly,0.0
green,0.0
greenville,-0.11210578417875504
greet,0.0
greeted,0.0
greeting,0.0
greets,0.0
greg,0.0
grey,0.0
grill,0.0
grilled,0.0
grills,0.0
grits,0.0
grocery,0.0
groomed,0.0
gross,0.0
ground,0.0
grounds,0.0
group,0.0
groups,0.0
grove,0.0
guard,0.0
guess,0.0
guest,-0.11210578417875504
guests,0.0
guide,0.0
gulf,0.0
gustavo,0.0
guy,0.0
guys,0.0
gym,0.0
hadn,0.0
hair,0.0
hairs,0.0
half,0.0
halfway,0.0
hall,0.0
halls,0.0
hallway,0.0
hallways,0.0
hampton,0.0
hamptons,0.0
hand,0.0
handed,0.0
handicap,0.0
handicapped,0.0
handle,0.0
handled,0.0
hands,0.0
handy,0.0
hang,0.0
hanging,0.0
hangout,0.0
happen,0.0
happened,0.0
happens,0.0
happier,0.0
happily,0.0
happy,0.0
har,0.0
harbor,-0.09905220794541993
harbour,0.0
hard,0.0
harder,0.0
hardly,0.0
hardwood,0.0
hare,0.0
harrisburg,0.0
harvard,0.0
hash,0.0
hasn,0.0
hassle,0.0
hassles,0.0
hate,0.0
hated,0.0
haven,0.0
having,0.0
hawaii,0.0
hd,0.0
head,0.0
headed,0.0
heading,0.0
health,0.0
healthy,0.0
hear,0.0
heard,0.0
hearing,0.0
heart,0.0
heartbeat,0.0
heat,0.0
heated,0.0
heater,0.0
heaters,0.0
heather,0.0
heating,0.0
heaven,0.0
heavenly,0.0
heavy,0.0
held,0.0
hell,0.0
hello,0.0
help,0.0
helped,0.0
helpful,0.0466946703476771
helpfull,0.0
helpfulness,0.0
helping,0.0
helps,0.0
henrietta,0.0
hermann,0.0
hesitant,0.0
hesitate,0.0
hesitation,0.0
hey,0.0
hi,0.0
hidden,0.0
hie,0.0
high,0.0
higher,0.0
highest,0.0
highlight,0.0
highlights,0.0
highly,0.0
highway,0.0
highways,0.0
hiking,0.0
hill,0.0
hilton,0.0
hiltonyour,0.0
hip,0.0
hire,0.0
historic,0.0
historical,0.0
history,0.0
hit,0.0
hold,0.0
holding,0.0
hole,0.0
holes,0.0
holiday,0.0
holidays,0.0
hollywood,0.0
home,0.0
homeless,0.0
homemade,0.0
homewood,0.0
homey,0.0
honest,0.0
honestly,0.0
honeymoon,0.0
honolulu,0.0
honor,0.0
honored,0.0
honors,0.0
honua,0.0
hop,0.0
hope,0.0
hoped,0.0
hopefully,0.0
hopes,0.0
hoping,0.0
horrendous,0.0
horrible,0.0
hospitable,0.0
hospital,0.0
hospitality,0.0
host,0.0
hosted,0.0
hostess,0.0
hosting,0.0
hosts,0.0
hot,0.05855802914077076
hotel,-0.042146776663717404
hotels,0.06928737139556088
hotwire,0.0
hour,0.0
hours,0.0
house,0.0
housekeeper,0.0
housekeepers,0.0
housekeeping,0.0
houses,0.0
hr,0.0
hrs,0.0
hubby,0.0
huge,0.0
hugo,0.0
hundreds,0.0
hung,0.0
hungry,0.0
hunt,0.0
hunter,0.0
hunting,0.0
hurry,0.0
hurt,0.0
husband,0.0
husbands,0.0
hustle,0.0
hvac,0.0
hyatt,0.0
hygiene,0.0
ice,0.0
iced,0.0
iconic,0.0
idea,0.0
ideal,0.0
ideally,0.0
ideas,0.0
identified,0.0
ignorant,0.0
ignored,0.0
ihop,0.0
il,0.0
ill,0.0
illinois,0.0
im,0.0
imagine,0.0
immaculate,0.0
immaculately,0.0
immediate,0.0
immediately,0.0
impact,0.0
impeccable,0.0
impeccably,0.0
important,0.0
importantly,-0.08247831188770957
impossible,0.0
impressed,0.0
impression,0.0
impressive,0.0
improve,0.0
improved,0.0
improvement,0.0
improvements,0.0
inch,0.0
incident,0.0
include,0.0
included,0.0
includes,0.0
including,0.0
inclusive,0.0
inconvenience,0.0
inconvenient,0.0
incredible,0.0
incredibly,0.0
independence,0.0
independent,0.0
indian,0.0
indiana,0.0
indicated,0.0
indigo,0.0
individual,0.0
indoor,0.0
indoors,0.0
indulge,0.0
industrial,0.0
industry,0.0
inexpensive,0.0
info,0.0
information,0.0
informative,0.0
informed,0.0
ingredients,0.0
initial,0.0
initially,0.0
inn,0.0
inner,0.0
innkeepers,0.0
inns,0.0
inquire,0.0
inquired,0.0
ins,0.0
insanely,0.0
inside,0.0
insisted,0.0
inspire,0.0
instantly,0.0
instead,0.0
institute,0.0
interacted,0.0
interacting,0.0
interaction,0.0
interested,0.0
interesting,0.0
interior,0.0
internal,0.0
international,0.0
internet,0.0
intersection,0.0
interstate,0.0
intimate,0.0
introduced,0.0
intrusive,0.0
investigate,0.0
invitations,0.0
inviting,0.0
involved,0.0
iphone,0.0
irish,0.0
iron,0.0
ironing,0.0
island,0.0
isn,0.0
isnt,0.0
isolated,0.0
issue,0.0
issues,-0.08247831188770957
ist,0.0
italian,0.0
item,0.0
items,0.0
ithaca,0.0
jack,0.0
jackson,0.0
jacksonville,0.0
jacuzzi,0.0
jam,0.0
james,0.0
january,0.0
japanese,0.0
jason,0.0
javier,0.0
jay,0.0
je,0.0
jean,0.0
jennifer,0.0
jersey,0.0
jet,0.0
job,0.0
jobs,0.0
john,0.0
johnny,0.0
joke,0.0
jonathan,0.0
jones,0.0
jose,0.0
journey,0.0
joy,0.0
juice,0.0
julia,0.0
july,0.0
jumped,0.0
jumping,0.0
june,0.0
junge,0.0
junior,0.0
just,0.0
justice,0.0
justin,0.0
jw,0.0
kai,0.0
kalah,0.0
kansas,0.0
kathy,0.0
kauai,0.0
kayaks,0.0
kc,0.0
keeper,0.0
keepers,0.0
keeping,0.0
keeps,0.0
keith,0.0
kelly,0.0
ken,0.0
kept,0.0
keurig,0.0
kevin,0.0
key,0.0
keys,0.0
kick,0.0
kickback,0.0
kicked,0.0
kid,0.0
kidding,0.0
kids,0.0
kill,0.0
killed,0.0
killer,0.0
kim,0.0
kind,0.0
kinda,0.0
kindest,0.0
kindly,0.0
kindness,0.0
kinds,0.0
king,-0.08247831188770957
kingdom,0.0
kingsize,0.0
kinzie,0.0
kitchen,0.0
kitchenette,0.0
kitchenettes,0.0
kitchens,0.0
knee,0.0
knew,0.0
knobs,0.0
knock,0.0
knocked,0.0
know,0.06928737139556088
knowing,0.0
knowledgable,0.0
knowledge,0.0
knowledgeable,0.0
known,0.0
knows,0.0
knoxville,0.0
konea,0.0
krauss,0.0
kraussaloftneworleansdowntown,0.0
krista,0.0
kristen,0.0
ks,0.0
kudos,0.0
la,0.0
lab,0.0
labor,0.0
lacey,0.0
lack,0.0
lacking,0.0
lacks,0.0
lacy,0.0
ladies,0.0
lady,0.0
lafayette,0.0
lahaina,0.0
laid,0.0
lake,0.0
lakeland,0.0
lakeside,0.0
lamp,0.0
lamplight,0.0
lamps,0.0
lana,0.0
lanai,0.0
lancaster,0.0
land,0.0
landing,0.0
landscape,0.0
landscaping,0.0
lane,0.0
lap,0.0
laptop,0.0
laquinta,0.0
laredo,0.0
large,0.05855802914077076
larger,0.0
largest,0.0
las,0.0
lasting,0.0
lastly,0.0
latch,0.0
late,0.0
lately,0.0
later,0.0
latest,0.0
lauderdale,0.0
laugh,0.0
laughed,0.0
laughing,0.0
laughlin,0.0
laundered,0.0
laundromat,0.0
laundry,0.0
lauren,0.0
law,0.0
lawn,0.0
laws,0.0
lax,0.0
lay,0.0
laying,0.0
layout,0.0
layover,0.0
lazy,0.0
lcd,0.0
le,0.0
lead,0.0
leader,0.0
leading,0.0
leaf,0.0
leak,0.0
leaked,0.0
leaking,0.0
leaks,0.0
learn,0.0
learned,0.0
leave,0.0
leaves,0.0
leaving,0.0
led,0.0
lee,0.0
left,0.0
leg,0.0
legacy,0.0
legal,0.0
legs,0.0
lei,0.0
leis,0.0
leisure,0.0
lemaire,0.0
lemairegeneral,0.0
lemon,0.0
lemonade,0.0
length,0.0
lent,0.0
leonor,0.0
les,0.0
lesson,0.0
let,0.0
letting,0.0
level,0.0
levels,0.0
lewis,0.0
lexington,0.0
library,0.0
lie,0.0
lied,0.0
life,0.0
lifeguard,0.0
lifetime,0.0
lift,0.0
lifted,0.0
lifts,0.0
light,0.0
lighting,0.0
lights,0.0
like,-0.2805827277785494
liked,0.05855802914077076
likely,0.0
likes,0.0
likewise,0.0
liking,0.0
lil,0.0
lilly,0.0
limit,0.0
limited,0.0
limo,0.0
limpieza,0.0
lincoln,0.0
linda,0.0
lindsay,0.0
line,0.0
lined,0.0
linen,0.0
linens,0.0
lines,0.0
lineup,0.0
lions,0.0
liquor,0.0
lisa,0.0
list,0.0
listed,0.0
listen,0.0
lit,0.0
lite,0.0
literally,0.0
littered,0.0
littering,0.0
little,0.0
live,0.0
lived,0.0
lively,0.0
lives,0.0
living,0.0
ll,0.06933792909975883
llegar,0.0
lleva,0.0
lo,0.0
loading,0.0
loads,0.0
lobby,0.06928737139556088
local,0.0
locally,0.0
locals,0.0
locate,0.0
located,0.0
locating,0.0
location,-0.08247831188770957
locations,0.0
lock,0.0
locked,0.0
locks,0.0
lodge,0.0
lodging,0.0
loft,0.0
log,0.0
logistics,0.0
lol,0.0
lola,0.0
london,0.0
long,0.0
longboat,0.0
longer,0.0
longest,0.0
lonnette,0.0
look,0.06928737139556088
looked,0.0
looking,0.0
looks,0.0
loop,0.0
loose,0.0
los,0.0
lose,0.0
losing,0.0
lost,0.0
lot,0.0
lotion,0.0
lots,0.0
lou,0.0
loud,0.0
loudly,0.0
louis,0.0
louisville,0.0
lounge,0.0
loungers,0.0
lounging,0.0
lousy,0.0
love,0.0
loved,-0.19810441589083985
lovely,0.0
lovers,0.0
loves,0.0
low,0.0
lower,0.0
lowest,0.0
loyal,0.0
loyalty,0.0
luck,0.0
luckily,0.0
lucky,0.0
lucy,0.0
luggage,0.0
luke,0.0
lukewarm,0.0
lumpy,0.0
lunch,0.0
lurking,0.0
lush,0.0
luxe,0.0
luxurious,0.0
luxury,0.0
lying,0.0
lyttleton,0.0
ma,0.0
machine,0.0
machines,0.0
madison,0.0
madness,0.0
magic,0.0
magnificent,0.0
magnolia,0.0
magnuson,0.0
mahalo,0.0
mai,0.0
maid,0.0
maids,0.0
mail,0.0
main,0.0
maine,0.0
maingate,0.0
mainly,0.0
mainstay,0.0
maintain,0.0
maintained,0.0
maintaining,0.0
maintains,0.0
maintenance,0.0
maintenence,0.0
major,0.0
majority,0.0
make,0.0
maker,0.0
makes,-0.08247831188770957
makeup,0.0
making,-0.08247831188770957
male,0.0
malfunctioning,0.0
mall,0.0
malls,0.0
mammoth,0.0
man,0.0
manage,0.0
managed,0.0
management,0.0
manager,-0.08247831188770957
managerhome,0.0
managers,0.0
managertowneplace,0.0
mandatory,0.0
manger,0.0
manhattan,0.0
manner,0.0
manor,0.0
manuel,0.0
map,0.0
maps,0.0
mar,0.0
marathon,0.0
marble,0.0
march,0.0
marco,0.0
mardi,0.0
marginean,0.0
margineanhotel,-0.08247831188770957
margineanstregis,0.0
maria,0.0
marianna,0.0
marie,0.0
marina,0.0
maritime,0.0
mark,0.0
marked,0.0
market,0.0
marks,0.0
maroon,0.0
marq,0.0
marriage,0.0
married,0.0
marriot,0.0
marriott,0.0
marriottedgar,0.0
mart,0.0
martin,0.0
martinezhotel,0.0
marvelous,0.0
mary,0.0
maryland,0.0
mass,0.0
massachusetts,0.0
massage,0.0
massages,0.0
massimiliano,0.0
massive,0.0
master,0.0
mat,0.0
match,0.0
mats,0.0
matt,0.0
matter,0.0
matters,0.0
matthew,-0.08247831188770957
mattress,0.0
mattresses,0.0
maui,0.0
maureen,0.0
max,0.0
maxwell,0.0
maya,0.0
maybe,0.0
mcdonald,0.0
mcdonalds,0.0
mckinley,0.0
mcminnville,0.0
md,0.0
meal,0.0
meals,0.0
mean,0.0
means,0.0
meant,0.0
meat,0.0
medical,0.0
mediocre,0.0
medium,0.0
meet,0.0
meeting,0.0
meetings,0.0
meets,0.0
melissa,0.0
melody,0.0
melted,0.0
member,0.0
members,0.0
memorable,0.0
memorial,0.0
memories,0.0
memory,0.0
men,0.0
menos,0.0
mention,0.0
mentioned,0.0
mentioning,0.0
menu,0.0
mere,0.0
mesquite,0.0
mess,0.0
message,0.0
messages,0.0
messed,0.0
messy,0.0
met,0.0
metal,0.0
metro,0.0
metropolitan,0.0
mexican,0.0
mexico,0.0
mi,0.0
mia,0.0
miami,0.0
mich,0.0
michael,0.0
michigan,0.0
micro,0.0
microtel,0.0
microwave,0.0
microwaves,0.0
mid,0.0
middle,0.0
midnight,0.0
midst,0.0
midway,0.0
mike,0.0
mildew,0.0
mile,0.0
miles,0.0
military,0.0
milk,0.0
mills,0.0
mimosa,0.0
mimosas,0.0
min,0.0
mind,0.0
minded,0.0
mingle,0.0
mini,0.11711605828154152
minimal,0.0
minimalist,0.0
minimum,0.0
minor,0.0
mins,0.0
minute,0.0
minutes,0.0
minutos,0.0
mirage,0.0
mirror,0.0
mirrors,0.0
miserable,0.0
misha,0.0
mishap,0.0
misleading,0.0
miss,0.0
missed,0.0
missing,0.08500724344307381
mission,0.0
mississippi,0.0
mistake,0.0
mistakenly,0.0
mistakes,0.0
mit,0.0
mix,0.0
mixed,0.0
mixup,0.0
mm,0.0
mobile,0.0
mobility,0.0
moderate,0.0
moderately,0.0
modern,0.13857474279112175
mold,0.0
moldings,0.0
moldy,0.0
molly,0.0
mom,0.0
moment,0.0
moms,0.0
mon,0.0
monday,0.0
mondays,0.0
money,0.0
monica,0.0
monitoring,0.0
monkey,0.0
monorail,0.0
monte,0.0
monterey,0.0
month,0.0
months,0.0
monticello,0.0
monument,0.0
monuments,0.0
mood,0.0
moore,0.0
mop,0.0
morethank,0.0
morgan,0.0
morning,0.0
mornings,0.0
moses,0.0
motel,-0.19810441589083985
motels,0.0
moth,0.0
mother,0.0
motion,0.0
motivate,0.0
motor,0.0
motorcycle,0.0
motorcycles,0.0
mountain,0.0
mountains,0.0
mouse,0.0
mouth,0.0
moved,0.0867771857008091
movement,0.0
movie,0.0
movies,0.0
moving,0.0
mr,0.0
mridien,0.0
mrs,0.0
ms,0.0
mt,0.0
mu,0.0
muffins,0.05855802914077076
mug,0.0
muito,0.0
multiple,0.08500724344307381
municipal,0.0
murder,0.0
murray,0.0
museum,0.0
museums,0.0
mushroom,0.0
music,0.0
musty,0.0
muy,0.0
myers,0.0
myrtle,0.0
najar,0.0
named,0.0
names,0.0
nap,0.0
napa,0.0
naples,0.0
narrow,0.0
nashua,0.0
nashville,0.0
nasty,0.0
national,0.0
native,0.0
natural,0.0
nature,0.0
nautical,0.0
navigate,0.0
navy,0.0
nc,0.0
nd,0.0
ne,0.0
near,0.0
nearby,0.0
nearest,0.0
nearly,0.0
neat,0.0
neatly,0.0
necessary,0.0
necessitated,0.0
necessities,0.0
neck,0.0
need,0.0
needed,0.0
needing,0.0
needle,0.0
needless,0.0
needs,0.0
negative,0.0
negatives,0.0
neighbor,0.0
neighborhood,0.0
neighborhoods,0.0
neighboring,0.0
neighbors,0.0
neighbourhood,0.0
nephew,0.0
nephi,0.0
neptune,0.0
nervous,0.0
nestled,0.0
nestor,0.0
net,0.0
netflix,0.0
neutrogena,0.0
new,0.004298873813099533
newark,0.0
newer,0.0
newest,0.0
newly,0.05855802914077076
newport,0.0
news,0.0
newspaper,0.0
newspapers,0.0
nh,0.0
nibbles,0.0
nice,0.1278959582405296
nicely,0.0
nicer,0.0
nicest,0.0
nicht,0.0
nick,0.0
nicole,0.0
niece,0.0
nigh,0.0
night,0.0
nightclub,0.0
nightlife,0.0
nightly,0.0
nights,0.0
nightstand,0.0
nightstands,0.0
nikita,0.0
nite,0.0
nj,0.0
nm,0.0
noise,0.0
noises,0.0
noisy,0.0
noizy,0.0
nola,0.0
nolitan,0.0
non,0.0
noon,0.0
nope,0.0
nopsi,0.0
nora,0.0
norfolk,0.0
norm,0.0
normal,0.0
normally,0.0
north,0.0
northern,0.0
nose,0.0
nostalgic,0.0
notable,0.0
notch,0.0
note,0.0
noted,0.0
notes,0.0
notice,0.0
noticed,0.0
noticing,0.0
notification,0.0
notified,0.0
notify,0.0
nous,0.0
nov,0.0
november,0.0
number,0.06928737139556088
numbered,0.0
numbers,0.0
numerous,0.0
nuts,0.0
ny,0.0
nyc,0.0
nylo,0.0
oahu,0.0
oak,0.0
oasis,0.0
oatmeal,0.0
obliged,0.0
observations,0.0
observed,0.0
obvious,0.0
obviously,0.0
occasion,0.0
occasional,0.0
occasionally,0.0
occasions,0.0
occupants,0.0
occupied,0.0
occur,0.0
occurred,0.0
ocean,0.0
oceanfront,0.0
oct,0.0
octavia,-0.08247831188770957
october,0.0
odd,0.0
odor,0.0
offer,0.0
offered,0.0
offering,0.0
offerings,0.0
offers,0.0
office,0.0
official,0.0
officially,0.0
oh,0.0
ohana,0.0
ohio,0.0
oil,0.0
ok,0.0
okay,0.0
okc,0.0
oklahoma,0.0
old,0.0
older,0.0
oldest,0.0
olds,0.0
ole,0.0
olivia,0.0
olympic,0.0
omaha,0.0
omar,0.0
omelet,0.0
omelets,0.0
omelette,0.0
omelettes,0.0
omg,0.0
omlets,0.0
omni,0.0
ones,0.0
ongoing,0.0
online,0.0
onsite,0.0
op,0.0
open,0.05855802914077076
opened,0.0
opening,0.0
opens,0.0
operate,0.0
operated,0.0
operates,0.0
operating,0.0
operation,0.0
operations,0.0
operator,0.0
opinion,0.0
opportunities,0.0
opportunity,0.0
opposed,0.0
opposite,0.0
opry,0.0
opt,0.0
opted,0.0
option,0.0
options,0.05855802914077076
opulent,0.0
orange,0.0
orangeburg,0.0
oranges,0.0
order,0.0
ordered,0.0
ordering,0.0
ordinary,0.0
oregon,0.0
organic,0.0
organization,0.0
organized,0.0
organizers,0.0
oriented,0.0
original,0.0
originally,0.0
orlando,0.0
orleans,0.0
ottoman,0.0
outage,0.0
outdated,0.0
outdoor,0.0
outdoors,0.0
outgoing,0.0
outlet,0.0
outlets,0.0
outlook,0.0
outrageous,0.0
outs,0.0
outside,0.0
outstanding,0.0
oven,0.0
overall,0.0
overbearing,0.0
overbooked,0.0
overcharged,0.0
overflowed,0.0
overflowing,0.0
overgrown,0.0
overhead,0.0
overheard,0.0
overlooked,0.0
overlooking,0.0
overly,0.0
overnight,0.0867771857008091
overpriced,0.0
oversized,0.0
oversold,0.0
overwhelming,0.0
owned,0.0
owner,0.0
owners,0.0
ownership,0.0
owns,0.0
oxford,0.0
pa,0.0
pacific,0.0
pack,0.0
package,0.0
packed,0.0
pad,0.0
paddle,0.0
paddock,0.0
page,0.0
paid,0.0
pain,0.0
painless,0.0
paint,0.0
painted,0.0
palace,0.0
palm,0.0
pampered,0.0
pampering,0.0
pancake,0.0
pancakes,0.0
paper,0.0
paperwork,0.0
par,0.0
para,0.0
parade,0.0
paradise,0.0
parent,0.0
parents,0.0
park,0.0
parked,0.0
parking,-0.09905220794541993
parks,0.0
parkway,0.0
partial,0.0
particular,0.0
particularly,0.0
parts,0.0
party,0.0
partying,0.0
pass,0.0
passed,0.0
passes,0.0
passing,0.0
past,0.0
pasta,0.0
pastries,0.0
patel,0.0
path,0.0
paths,0.0
patience,0.0
patient,0.0
patio,0.0
patios,0.0
patrick,0.0
paul,0.0
paved,0.0
pay,0.0
paying,0.0
payment,0.0
peace,0.0
peaceful,0.0
pearl,0.0
pebble,0.0
peeling,0.0
pennsylvania,0.0
penny,0.0
pentagon,0.0
people,0.0
peoples,0.0
percent,0.0
perfect,-0.08247831188770957
perfection,0.0
perfectly,0.0
period,0.0
perk,0.0
perks,0.0
person,0.0
personable,0.0
personal,0.0
personalized,0.0
personally,0.0
personnel,0.0
persons,0.0
pest,0.0
pet,0.0
pets,0.0
ph,0.0
phenomenal,0.0
phil,0.0
philadelphia,0.0
philly,0.0
phoenix,0.0
phone,0.0
phones,0.0
photo,0.0
photos,0.0
pic,0.0
pick,0.0
picked,0.0
pickup,0.0
picky,0.0
picnic,0.0
picture,0.0
pictures,0.0
piece,0.0
pieces,0.0
pier,0.0
pigeon,0.0
pike,0.0
pikes,0.0
pillow,0.0
pillows,0.05855802914077076
pine,0.0
pines,0.0
ping,0.0
pioneer,0.0
pipe,0.0
pismo,0.0
pit,0.0
pitch,0.0
pits,0.0
pittsburgh,0.0
pizza,0.0
place,0.05706290685514801
placed,0.0
places,0.0
plain,0.0
plan,0.0
plane,0.0
planes,0.0
planet,0.0
planned,0.0
planner,0.0
planning,0.08500724344307381
plans,0.0
plant,0.0
plants,0.0
plastic,0.0
plate,0.0
plates,0.0
platinum,0.0
play,0.0
played,0.0
player,0.0
players,0.0
playing,0.0
plays,0.0
plaza,0.0
pleasant,0.0
pleasantly,0.0
pleased,0.0
pleasent,0.0
pleasing,0.0
pleasurable,0.0
pleasure,0.0
plentiful,0.0
plenty,-0.19810441589083985
plug,0.0
plugs,0.0
plumbing,0.0
plus,0.0
plush,0.0
pm,0.0
pnc,0.0
pocket,0.0
poinsett,0.0
point,0.0
pointed,0.0
pointing,0.0
points,0.0
poker,0.0
police,0.0
policies,0.0
policy,0.0
polite,0.0
politely,0.0
ponderay,0.0
ponds,0.0
pong,0.0
pontchartrain,0.0
pool,0.05855802914077076
pools,0.0
poolside,0.0
poop,0.0
poor,0.0
poorly,0.0
pop,0.0
popcorn,0.0
popped,0.0
popular,0.0
por,0.0
porch,0.0
port,0.0
portfolio,0.0
portion,0.0
portions,0.0
portland,0.0
ports,0.0
posh,0.0
position,0.0
positioned,0.0
positive,0.0
positively,0.0
possible,0.0
possibly,0.0
post,0.0
posted,0.0
poster,0.0
posts,0.0
pot,0.0
potato,0.0
potatoes,0.0
potential,0.0
pots,0.0
pounds,0.0
pour,0.0
powell,0.0
power,0.0
powered,0.0
practicality,0.0
practically,0.0
practice,0.0
praise,0.0
praises,0.0
prarie,0.0
prayer,0.0
pre,0.0
precisely,0.0
prefer,0.0
preference,0.0
preferred,0.0
premier,0.0
premise,0.0
premises,0.0
premium,0.0
prepaid,0.0
preparation,0.0
prepared,0.0
preparing,0.0
prescott,0.0
present,0.0
presentation,0.0
presented,0.0
press,0.0
pressed,0.0
pressure,0.0
pretentiousness,0.0
pretty,0.0
previous,0.0
previously,0.0
price,0.0
priced,0.0
priceline,0.0
prices,0.0
pricey,0.0
pricing,0.0
pricy,0.0
pride,0.0
primarily,0.0
prime,0.0
print,0.0
printed,0.0
printer,0.0
printing,0.0
prior,0.0
priority,0.0
pristine,0.0
privacy,0.0
private,0.0
privately,0.0
privilege,0.0
prix,0.0
prize,0.0
pro,0.0
probably,0.0
problem,0.0867771857008091
problems,0.0
procedure,0.0
procedures,0.0
proceed,0.0
proceeded,0.0
process,0.0
product,0.0
products,0.0
professional,0.0
professionalism,0.0
professionals,0.0
program,0.0
project,0.0
promenade,0.0
promise,0.0
promised,0.0
promotion,0.0
prompt,0.0
promptly,0.0
proof,0.0
proper,0.0
properly,0.0
properties,0.0
property,0.05855802914077076
propose,0.0
pros,0.0
prostitutes,0.0
protected,0.0
protein,0.0
proud,0.0
proved,0.0
provide,-0.1945840960664646
provided,0.0
provider,0.0
provides,0.0
providing,0.0
proximity,0.0
pub,0.0
public,0.0
pubs,0.0
puck,0.0
pull,0.0
pulled,0.0
pulling,0.0
pullout,0.0
pump,0.0
punta,0.0
pup,0.0
puppy,0.0
purchase,0.0
purchased,0.0
purchasing,0.0
pure,0.0
purified,0.0
purpose,0.0
purposes,0.0
push,0.0
pushed,0.0
puts,0.0
putt,0.0
putting,0.0
quaint,0.0
qualcomm,0.0
quality,0.0
quarter,0.0
quarters,0.0
que,0.0
queen,0.0
queens,0.0
question,0.0
questionable,0.0
questions,0.0
queue,0.0
quick,0.0
quicker,0.0
quickly,0.0
quiet,-0.09905220794541993
quieter,0.0
quietest,0.0
quietly,0.0
quietness,0.0
quilt,0.0
quinta,0.0
quirky,0.0
quit,0.0
quite,0.08500724344307381
quoted,0.0
rabbit,0.0
race,0.0
rack,0.0
racks,0.0
radford,0.0
radius,0.0
rafael,0.0
rags,0.0
rail,0.0
railroad,0.0
rain,0.0
rained,0.0
rainy,0.0
raise,0.0
raised,0.0
ramada,0.0
rampart,0.0
ran,0.0
ranch,0.0
rancho,0.0
randall,0.0
random,0.0
rang,0.0
range,0.0
rangers,0.0
rapid,0.0
rapids,0.0
rare,0.0
rarely,0.0
rat,0.0
rate,0.0
rated,0.0
rates,0.0
rating,0.0
ratings,0.0
raton,0.0
rats,0.0
rave,0.0
raved,0.0
raving,0.0
ray,0.0
rd,0.0
reach,0.0
reached,0.0
reaching,0.0
reaction,0.0
read,0.0
reading,0.0
ready,0.0
reagan,0.0
real,0.0
reality,0.0
realize,0.0
realized,0.0
really,0.20801378729927647
rear,0.0
reason,0.06928737139556088
reasonable,0.0
reasonably,0.0
reasons,0.0
rebecca,0.0
recall,0.0
reccomend,0.0
receipt,0.0
receive,0.0
received,0.0
receiving,0.0
recent,-0.08247831188770957
recently,0.0
reception,0.0
receptionist,0.0
recharge,0.0
recognition,0.0
recognize,0.0
recognized,0.0
recognizing,0.0
recomend,0.0
recomendado,0.0
recomiendo,0.0
recommend,0.0
recommendation,0.0
recommendations,0.0
recommended,0.0
recommending,0.0
record,0.0
recreation,0.0
rectify,0.0
red,0.0
redding,0.0
redeemed,0.0
redeeming,0.0
redone,0.0
reef,0.0
reeked,0.0
referred,0.0
refreshed,0.0
refreshing,0.0
refreshments,0.0
refrig,0.0
refrigerator,0.0
refrigerators,0.0
refund,0.0
refundable,0.0
refunded,0.0
refunding,0.0
refunds,0.0
refurbished,0.0
refuse,0.0
refused,0.0
regarding,0.0
regardless,0.0
regards,0.0
regardspaul,0.0
regency,0.0
regional,0.0
regis,0.0
registration,0.0
regret,0.0
regular,0.0
regularly,0.0
related,0.0
relationship,0.0
relatively,0.0
relatives,0.0
relax,-0.11210578417875504
relaxation,0.0
relaxed,0.0
relaxing,0.0
reliable,0.0
relief,0.0
relocated,0.0
remained,0.0
remaining,0.0
remains,0.0
remarks,0.0
remember,0.0
remembered,0.0
reminded,0.0
remodel,0.0
remodeled,0.05855802914077076
remodeling,0.0
remote,0.0
removal,0.0
remove,0.0
removed,0.0
rena,0.0
rendre,0.0
reno,0.0
renovated,0.0
renovating,0.0
renovation,0.0
renovations,0.0
rent,0.0
rental,0.0
rented,0.0
renting,0.0
rep,0.0
repair,0.0
repaired,0.0
repairs,0.0
repeat,0.0
repeatedly,0.0
repeating,0.0
repetitive,0.0
replace,0.0
replaced,0.0
replenished,0.0
reply,0.0
report,0.0
reported,0.0
reports,0.0
represent,0.0
representative,0.0
reputation,0.0
request,-0.11210578417875504
requested,0.0
requesting,0.0
requests,0.0
require,0.0
required,0.0
requirements,0.0
requires,0.0
rescue,0.0
research,0.0
resemble,0.0
reservation,0.0
reservations,0.0
reserve,0.0
reserved,0.0
reserving,0.0
residence,0.0
resident,0.0
residential,0.0
residents,0.0
resolution,0.0
resolve,0.0
resolved,0.0
resort,0.0
resorts,0.0
respect,0.0
respects,0.0
respite,0.0
responded,0.0
responding,0.0
response,0.0
responsibility,0.0
responsive,0.0
rest,0.0
restarants,0.08500724344307381
restaraunts,0.0
restaurant,0.14356527258384458
restaurants,-0.11210578417875504
resteraunt,0.0
restful,0.0
resting,0.0
restoration,0.0
restored,0.0
restraint,0.0
restraints,0.0
restricted,0.0
restrictions,0.0
restroom,0.0
restuarants,0.0
resturant,0.0
resturants,0.0
result,0.0
retail,0.0
retirement,0.0
retreat,0.0
retrieve,0.0
retrieved,0.0
retro,0.0
return,0.0
returned,0.0
returning,-0.11210578417875504
reunion,0.0
revamped,0.0
reveiw,0.0
reversed,0.0
review,-0.08247831188770957
reviewed,0.0
reviewer,0.0
reviewers,0.0
reviewing,0.0
reviews,0.0
revitalized,0.0
rewards,0.0
rib,0.0
rice,0.0
rich,0.0
richmond,0.0
rick,0.0
rickety,0.0
rid,0.0
ride,0.0
rides,0.0
ridiculous,0.0
riding,0.0
right,-0.08247831188770957
ring,0.0
rip,0.0
ripped,0.0
rips,0.0
rise,0.0
rising,0.0
risk,0.0
risotto,0.0
rita,0.0
rite,0.0
ritz,0.0
river,-0.11210578417875504
rivera,0.0
riverageneral,0.0
riveramarriott,0.0
riverside,0.0
riverwalk,0.0
riviera,0.0
rm,0.0
rms,0.0
roach,0.0
roaches,0.0
road,0.0
roads,0.0
roadtrip,0.0
rob,0.0
robe,0.0
robert,0.0
robes,0.0
robin,0.0
rochester,0.0
rock,0.0
rocked,0.0
rocks,0.0
rocky,0.0
rod,0.0
rode,0.0
rodeway,0.0
roger,0.0
rok,0.0
roll,0.0
rollaway,0.0
rolled,0.0
rolls,0.0
romantic,0.0
ron,0.0
roof,0.0
rooftop,0.0
room,0.14207015029822181
roomed,0.0
rooms,0.12784540053633164
roomy,0.0
ropes,0.0
rose,0.0
rosemary,0.0
rosslyn,0.0
rotten,0.0
rouge,0.0
rough,0.0
roughly,0.0
round,0.0
route,0.0
routes,0.0
routine,0.0
row,0.0
rowdy,0.0
royal,0.0
royalty,0.0
rte,0.0
ruby,0.0
rude,0.0
rudely,0.0
ruin,0.0
ruined,0.0
rules,0.0
run,0.0
rundown,0.0
running,0.0
runs,0.0
rural,0.0
rush,0.0
rushed,0.0
russ,0.0
rusted,0.0
rustic,0.0
ryne,0.0
sacrifice,0.0
sad,0.0
sadly,0.0
safe,0.0
safest,0.0
safety,0.0
safeway,0.0
said,0.0
sailor,0.0
saint,0.0
sal,0.0
salad,0.0
salads,0.0
sale,0.0
salem,0.0
sales,0.0
salon,0.0
saloon,0.0
salt,0.0
sam,0.0
sample,0.0
san,0.0
sanctuary,0.0
sand,0.0
sandpaper,0.0
sands,0.0
sandwich,0.0
sandwiches,0.0
sandy,0.0
santa,0.0
sarah,0.0
saratoga,0.0
sat,0.0
satisfaction,0.0
satisfactory,0.0
satisfied,-0.09905220794541993
satisfying,0.0
saturday,0.0
sauna,0.0
sausage,0.0
sausages,0.0
savannah,0.0
save,0.0
saved,0.0
saving,0.0
savings,0.0
saw,0.0
say,0.0
saying,0.0
says,0.0
sc,0.0
scale,0.0
scalloping,0.0
scamming,0.0
scary,0.0
scene,0.0
scenery,0.0
scenic,0.0
scent,0.0
schedule,0.0
scheduled,0.0
schedules,0.0
scheduling,0.0
schlep,0.0
school,0.0
science,0.0
scones,0.0
score,0.0
scott,0.0
scottsdale,0.0
scramble,0.0
scrambled,0.0
scranton,0.0
scratched,0.0
screaming,0.0
screen,0.0
screens,0.0
screw,0.0
screwed,0.0
scrumptious,0.0
se,0.0
sea,0.0
seacrest,0.0
seafood,0.0
sealed,0.0
seamless,0.0
search,0.0
searched,0.0
searching,0.0
season,0.0
seasons,0.0
seat,0.0
seatac,0.0
seating,0.0
seats,0.0
seattle,0.0
secluded,0.0
second,-0.19810441589083985
seconds,0.0
secret,0.0
section,0.0
secure,0.0
secured,0.0
security,0.0
sedona,0.0
seeing,0.0
seek,0.0
seeking,0.0
seemingly,0.0
seen,0.0
sehr,0.0
select,0.0
selected,0.0
selection,0.0
selections,0.05855802914077076
self,0.0
sell,0.0
semi,0.0
send,0.0
sending,0.0
senih,0.0
senior,0.0
sense,0.0
sent,0.0
separate,0.0
separated,0.0
separately,0.0
seph,0.0
sept,0.0
september,0.0
series,0.0
serina,0.0
seriously,0.0
serve,0.0
served,0.0
server,0.0
servers,0.0
serves,0.0
service,-0.10957685262339081
serviced,0.0
services,0.0
serviceto,0.0
serving,0.0
set,0.0
setting,0.0
settings,0.0
settled,0.0
settling,0.0
setup,0.0
seven,0.0
sf,0.06928737139556088
shabby,0.0
shade,0.0
shades,0.0
shall,0.0
shame,0.0
shampoo,0.0
shanirra,0.0
shape,0.0
share,0.0
shared,0.0
sharing,0.0
sharon,0.0
shawn,0.0
sheet,0.0
sheets,0.0
shelf,0.0
sheraton,0.0
shift,0.0
shirley,0.0
shirt,0.0
shocked,0.0
shoes,0.0
shooting,0.0
shop,0.0
shopping,0.12917298223538667
shops,0.0
shore,0.0
short,0.0
shortly,0.0
shot,0.0
shouldn,0.0
shout,0.0
showed,0.0
shower,0.0
showers,0.0
showing,0.0
shown,0.0
shows,0.0
shut,0.0
shuttle,0.0
shuttles,0.0
sick,0.0
sight,0.0
sights,0.0
sightseeing,0.0
sign,0.0
signal,0.0
signature,0.0
signed,0.0
significant,0.0
significantly,0.0
signs,0.0
sill,0.0
silver,0.0
similar,0.0
simple,0.0
simply,0.0
sincerely,-0.08247831188770957
single,0.0
sink,0.0
sinks,0.0
sirens,0.0
sister,0.0
sit,0.0
site,0.0
sites,0.0
sitting,0.0
situated,0.0
situation,0.0
sixth,0.0
size,0.0
sized,0.0
skeptical,0.0
ski,0.0
skyline,0.0
sleek,0.0
sleep,0.0
sleeper,0.0
sleeping,0.0
slept,0.0
slick,0.0
slide,0.0
slides,0.0
sliding,0.0
slight,0.0
slightly,0.0
slip,0.0
slippers,0.0
slippery,0.0
slo,0.0
sloppy,0.0
slot,0.0
slots,0.0
slow,0.0
small,0.0
smaller,0.05855802914077076
smallest,0.0
smallish,0.0
smart,0.0
smell,0.0
smelled,0.0
smelling,0.0
smells,0.0
smelly,0.0
smelt,0.0
smile,0.0
smiled,0.0
smiles,0.0
smiling,0.0
smoke,0.0
smoker,0.0
smokers,0.0
smokey,0.0
smoking,0.0
smoky,0.0
smooth,0.0
smoothly,0.0
snack,0.0
snacks,0.0
snags,0.0
snob,0.0
snorkeling,0.0
snow,0.0
soak,0.0
soaker,0.0
soaking,0.0
soap,0.0
soaps,0.0
soccer,0.0
social,0.0
socks,0.0
soda,0.0
sodas,0.0
sofa,0.0
sofas,0.0
soft,0.0
softball,0.0
softer,0.0
soho,0.0
sold,0.0
solely,0.0
solid,0.0
solution,0.0
solve,0.0
somebody,0.0
somewhat,0.0
son,0.0
sonesta,0.0
soniat,0.0
sonoma,0.0
sons,0.0
soo,0.0
soon,0.0
sooner,0.0
sooo,0.0
soooo,0.0
soothing,0.0
sophistication,0.0
sore,0.0
sorry,0.0
sort,0.0
sorted,0.0
sorts,0.0
sound,0.06928737139556088
sounded,0.0
sounds,0.0
soup,0.0
south,0.0
southern,0.0
southwest,0.0
southwestern,0.0
souvenir,0.0
sox,0.0
sp,0.0
spa,0.0
space,-0.09905220794541993
spaces,0.0
spacious,0.0
spanish,0.0
spare,0.0
sparkling,0.0
speak,0.0
speaking,0.0
special,0.0
specially,0.0
specials,0.0
specific,0.0
specifically,0.0
specious,0.0
spectacular,0.0
spectator,0.0
speed,0.0
speedway,0.0
speedy,0.0
spelling,0.0
spend,0.0
spending,0.0
spendy,0.0
spent,0.0
spg,0.0
spider,0.0
spiders,0.0
spirit,0.0
spite,0.0
splendid,0.0
split,0.0
splurge,0.0
spoiled,0.0
spoke,0.0
spoon,0.0
sporting,0.0
sports,0.0
spot,0.0
spotless,0.0
spotlessly,0.0
spots,0.0
spotted,0.0
spotty,0.0
spouse,0.0
spread,0.0
spreads,0.0
spring,0.0
springfield,0.0
springhill,0.0
springs,0.0
sprinkler,0.0
spur,0.0
square,0.0
squeaked,0.0
squeeze,0.0
st,0.0
stacey,0.0
stack,0.0
stacy,0.0
stadium,0.0
stadiummary,0.0
staff,0.1731317551530016
staffed,0.0
staffs,0.0
stage,0.0
stain,0.0
stained,0.0
stains,0.0
stairs,0.0
stairway,0.0
stairwell,0.0
stale,0.0
stall,0.0
stand,0.0
standard,0.0
standards,0.0
standing,0.0
standout,0.0
standpoint,0.0
stanford,0.0
staples,0.0
star,0.0
starbucks,0.0
starfish,0.0
stars,0.0
start,0.0
started,0.0
starters,0.0
starting,0.0
starts,0.0
starwood,0.0
state,0.0
stated,0.0
states,0.0
stating,0.0
station,0.0
stationary,0.0
stations,0.0
status,0.0
stay,0.014157687517338223
staybridge,0.0
staycation,0.0
stayed,0.0
staying,0.06933792909975883
stays,0.0
steakhouse,0.0
steam,0.0
steep,0.0
steered,0.0
stellar,0.0
stench,0.0
step,0.0
stephanie,0.0
stepped,0.0
stepping,0.0
steps,0.0
steve,0.0
stick,0.0
sticks,0.0
sticky,0.0
stil,0.0
stinks,0.0
stirrers,0.0
stocked,0.0
stocking,0.0
stole,0.0
stolen,0.0
stomach,0.0
stone,0.0
stones,0.0
stood,0.0
stop,0.0
stopover,0.0
stopped,0.0
stopping,0.0
stops,0.0
storage,0.0
store,0.0
stored,0.0
stores,0.0
stories,0.0
storm,0.0
story,0.0
stove,0.0
straight,0.0
straighten,0.0
straightened,0.0
stranded,0.0
strange,0.0
strawberries,0.0
stream,0.0
street,0.0
streets,0.0
stress,0.0
stressed,0.0
stressful,0.0
strip,0.0
strive,0.0
striving,0.0
stroll,0.0
stroller,0.0
strolling,0.0
strong,0.0
strongly,0.0
structure,0.0
struggling,0.0
stuck,0.0
student,0.0
studio,0.0
studios,0.0
stuff,0.0
stuffed,0.0
stuffy,0.0
stumble,0.0
stunk,0.0
stunning,0.0
style,0.0
styles,0.0
stylish,0.0
styrofoam,0.0
subway,0.0
success,0.0
successful,0.0
sucked,0.0
sucks,0.0
suddenly,0.0
suffice,0.0
sufficient,0.0
suffolk,0.0
sugar,0.0
suggest,0.0
suggested,0.0
suggesting,0.0
suggestion,0.0
suggestions,0.0
suit,0.0
suitable,0.0
suitcases,0.0
suite,0.0
suited,0.0
suites,0.0
suits,0.0
summer,0.0
summerlin,0.0
summers,0.0
sumptuous,0.0
sun,0.0
suncoast,0.0
sunday,0.0
sunny,0.0
sunrise,0.0
sunset,0.0
sunsets,0.0
sunshine,0.0
super,0.06928737139556088
superb,0.0
superbly,0.0
superior,-0.08247831188770957
supermarket,0.0
supermarkets,0.0
supervision,0.0
supervisor,0.0
supper,0.0
supplied,0.0
supplies,0.0
supply,0.0
support,0.0
suppose,0.0
supposed,0.0
suprised,0.0
sure,0.0
surely,0.0
surf,0.0
surface,0.0
surgery,0.0
surpassed,0.0
surprise,0.0
surprised,0.0
surprises,0.0
surprisingly,0.0
surrounded,0.0
surrounding,0.0
surroundings,0.0
survey,0.0
susan,0.0
susana,0.0
sushi,0.0
swam,0.0
swamp,0.0
swans,0.0
sweat,0.0
swedish,0.0
sweet,0.0
sweetest,0.0
swept,0.0
swim,0.0
swimming,0.0
switch,0.0
switched,0.0
switching,0.0
sylvia,0.0
sympathetic,0.0
ta,0.0
tab,0.0
table,0.0
tables,0.0
tablet,0.0
tacoma,0.0
tact,0.0
tag,0.0
tagging,0.0
tahoe,0.0
tai,0.0
taken,0.0
takes,0.0
taking,0.0
talk,0.0
talked,0.0
talking,0.0
tall,0.0
tallahassee,0.0
tampa,0.0
tap,0.0
target,0.0
tarpon,0.0
tass,0.0
taste,0.05855802914077076
tasteful,0.0
tastefully,0.0
tastes,0.0
tasting,0.0
tastings,0.0
tasty,0.0
tatyanna,0.0
tax,0.0
taxi,0.0
taxis,0.0
tbe,0.0
td,0.0
te,0.0
tea,0.0
teachers,0.0
team,0.0
teams,0.0
tear,0.0
tech,0.0
technology,0.0
techy,0.0
teenage,0.0
teenaged,0.0
teenagers,0.0
teens,0.0
telephone,0.0
television,0.0
televisions,0.0
tell,0.0
telling,0.0
tells,0.0
temp,0.0
temperature,0.0
temperatures,0.0
temples,0.0
temporary,0.0
temps,0.0
tempted,0.0
tend,0.0
tended,0.0
tender,0.0
tending,0.0
tennessee,0.0
tennis,0.0
term,0.0
terminal,0.0
terms,0.0
terrace,0.0
terrible,0.0
terribly,0.0
terrific,0.0
terry,0.0
test,0.0
testing,0.0
tevin,0.0
texarkana,0.0
texas,0.0
text,0.0
texted,0.0
th,0.0
thai,0.0
thank,-0.16495662377541914
thankful,0.0
thankfully,0.0
thanks,0.0
thanksgiving,0.0
thats,0.0
theater,0.0
theaters,0.0
theatre,0.0
thee,-0.09905220794541993
theft,0.0
theirs,0.0
theme,0.0
thermostat,0.0
thicker,0.0
thing,0.0
things,0.0
think,0.0
thinking,0.0
tho,0.0
thomas,0.0
thorough,0.0
thoroughly,0.0
thought,0.0
thoughtful,-0.08247831188770957
thr,0.0
threw,0.0
thrill,0.0
thrilled,0.0
throw,0.0
thu,0.0
thumbs,0.0
thunder,0.0
thursday,0.0
ticket,0.0
tickets,0.0
tidy,0.0
tied,0.0
tight,0.0
tiki,0.0
til,0.0
tile,0.0
tiles,0.0
till,0.0
tim,0.0
time,-0.1418706207286141
timely,0.0
times,0.08500724344307381
timing,0.0
tiny,0.0
tip,0.0
tipped,0.0
tips,0.0
tire,0.0
tired,0.0
title,0.0
tlc,0.0
tn,0.0
toast,0.0
toaster,0.0
today,0.0
todd,0.0
toddler,0.0
toddlers,0.0
todos,0.0
toilet,0.0
toiletries,0.0
toilets,0.0
told,0.0
tom,0.0
tomorrow,0.0
ton,0.0
tone,0.0
tonight,0.0
tons,0.0
tony,0.0
tonya,0.0
took,0.0
tooth,0.0
toothbrush,0.0
toothpaste,0.0
toppings,0.0
tops,0.0
torches,0.0
torn,0.0
tornado,0.0
tossed,0.0
total,0.0
totally,0.0
touch,0.0
touched,0.0
touches,0.0
tough,0.0
tour,0.0
touring,0.0
tourist,0.0
tourists,0.0
touristy,0.0
tournament,0.0
tournaments,0.0
tours,0.0
towel,0.0
towels,0.0
tower,0.0
towers,0.0
town,0.22368310164259145
towne,0.0
towneplace,0.0
towns,0.0
tr,0.0
track,0.0
tracked,0.0
tracks,0.0
trade,0.0
tradition,0.0
traditional,0.0
traditionally,0.0
traffic,0.0
trail,0.0
trailer,0.0
trails,0.0
train,0.0867771857008091
trained,0.0
training,0.0
tram,0.0
transaction,0.0
transfer,0.0
transformed,0.0
transit,0.0
transport,0.0
transportation,0.0
transporte,0.0
trap,0.0
trash,0.0
travel,0.0
traveled,0.0
traveler,0.0
travelers,0.0
traveling,0.12917298223538667
travelled,0.0
traveller,0.0
travelling,0.0
travels,0.0
treadmill,0.0
treadmills,0.0
treat,0.0
treated,0.0
treatment,0.0
treats,0.0
tree,0.0
trees,0.0
tremendous,0.0
trendy,0.0
tres,0.0
tried,0.0
trip,0.0
tripadvisor,0.0
trips,0.0
trolley,0.0
tropical,0.0
troubadour,0.0
trouble,0.0
truck,0.0
true,0.0
truly,0.0
trump,0.0
trust,0.0
try,0.14356527258384458
trying,0.0
tub,0.05855802914077076
tube,0.0
tubs,0.0
tucked,0.0
tues,0.0
tuesday,0.0
tuesdays,0.0
tulsa,0.0
turkey,0.0
turn,0.0
turned,0.0
turns,0.0
turtle,0.0
tv,0.0
tvs,0.0
twice,0.0
twin,0.0
tx,0.0
type,0.0
types,0.0
typical,0.0
typically,0.0
uber,0.0
ultimate,0.0
ultra,0.0
um,0.0
umbrella,0.0
unable,0.0867771857008091
unacceptable,0.0
unbeatable,0.0
unbelievable,0.0
unbelievably,0.0
unclean,0.0
uncomfortable,0.0
und,0.0
undergoing,0.0
understand,0.0
understanding,0.0
understood,0.0
une,0.0
unexpected,0.0
unexpectedly,0.0
unforgettable,0.0
unfortunate,0.0
unfortunately,0.0
unfriendly,0.0
unhappy,0.0
union,0.0
unique,0.0
unit,0.0
units,0.0
university,0.0
unless,0.0
unlike,0.0
unload,0.0
unlocked,0.0
unpleasant,0.0
unplug,0.0
unprofessional,0.0
unsafe,0.0
unsatisfactory,0.0
unsure,0.0
unusual,0.0
unwind,0.0
update,0.0
updated,0.0
updates,0.0
updating,0.0
upgrade,0.0
upgraded,0.0
upgrades,0.0
upgrading,0.0
upper,0.0
upscale,0.0
upset,0.0
upstairs,0.0
urban,0.0
urine,0.0
usa,0.0
usb,0.0
usd,0.0
use,0.0
used,0.0
useful,0.0
uses,0.0
using,0.0
usual,0.0
usually,0.0
utensils,0.0
utilize,0.0
utilized,0.0
utmost,0.0
va,0.0
vacancies,0.0
vacancy,0.0
vacation,0.08500724344307381
vacationing,0.0
vacations,0.0
vacuumed,0.0
vail,0.0
valencia,0.0
valentine,0.0
valentines,0.0
valet,0.0
valets,0.0
valley,0.0
valuable,0.0
value,0.0
valued,0.0
values,0.0
van,0.0
vanity,0.0
varied,0.0
variety,0.0
various,0.0
vast,0.0
ve,0.0
vegas,0.0
vehicle,0.0
vending,0.0
venue,0.0
venues,0.0
verify,0.0
verizon,0.0
veteran,0.0
vi,0.0
vibe,0.0
viceroy,0.0
vicinity,0.0
victor,0.0
victorian,0.0
video,0.0
view,-0.09905220794541993
views,0.0
villa,0.0
village,0.0
villas,0.0
vines,0.0
vineyards,0.0
vintage,0.0
virginia,0.0
virginian,0.0
virtually,0.0
visible,0.0
visit,-0.11210578417875504
visited,0.0
visiting,0.06928737139556088
visitor,0.0
visitors,0.0
visits,-0.11210578417875504
voice,0.0
volleyball,0.0
voucher,0.0
vrbo,0.0
vs,0.0
wa,0.0
waffle,0.0
waffles,0.05855802914077076
waikiki,0.0
wait,0.0
waited,0.0
waiter,0.0
waiting,0.0
waitress,0.0
waitresses,0.0
wake,0.0
waking,0.0
walk,0.0
walkable,0.0
walked,0.0
walking,0.0
walkway,0.0
wall,0.0
wallet,0.0
wallpaper,0.0
walls,0.0
walmart,0.0
want,0.0
wanted,0.0
wanting,0.0
wants,0.0
war,0.0
warm,0.0
warmer,0.0
warmest,0.0
warmly,0.0
warmth,0.0
warning,0.0
wary,0.0
wash,0.0
washcloths,0.0
washed,0.0
washer,0.0
washington,0.0
wasn,0.0
wasnt,0.0
waste,0.0
wasted,0.0
wastruly,0.0
watch,0.0
watched,0.0
watchee,0.0
watching,0.0
water,0.0
waterfall,0.0
waterfront,0.0
waterpark,0.0
waters,0.0
watery,0.0
wave,0.0
waves,0.0
way,0.0
wayne,0.0
waynegeneral,0.0
ways,0.0
weak,0.0
weary,0.0
weather,0.0
web,0.0
website,0.0
websites,0.0
wed,0.0
wedding,0.0
weddings,0.0
wednesday,0.0
weed,0.0
week,0.0
weekdays,0.0
weekend,0.0
weekends,0.0
weeki,0.0
weekly,0.0
weeks,0.0
wehringer,0.0
weight,0.0
weights,0.0
welcome,0.0
welcomed,0.0
welcoming,0.0
went,0.0
weren,0.0
west,0.0
western,0.0
westerns,0.0
westfield,0.0
westin,-0.11210578417875504
westlake,0.0
wet,0.0
whales,0.0
whatsoever,0.0
wheelchair,0.0
whilst,0.0
whirlpool,0.0
white,0.0
wi,0.0
wide,0.0
wife,0.0
wifi,0.0
wild,0.0
william,0.0
willing,-0.11210578417875504
win,0.0
wind,0.0
window,0.05855802914077076
windows,0.0
winds,0.0
windy,0.0
wine,0.0
wineries,0.0
winery,0.0
wingate,0.0
wings,0.0
winner,0.0
winning,0.0
winter,0.0
wipe,0.0
wireless,0.0
wisconsin,0.0
wise,0.0
wish,0.0
wished,0.0
wishing,0.0
withthe,0.0
withus,0.0
woke,0.0
woman,0.0
women,0.0
won,0.0
wonderful,-0.11210578417875504
wonderfully,0.0
wont,0.0
wood,0.0
woodspring,0.0
word,0.0
words,0.0
work,0.0
worked,0.0
worker,0.0
workers,0.0
working,0.0
workout,0.0
works,0.0
world,0.0
worn,0.0
worried,0.0
worries,0.0
worry,0.0
worse,0.0
worst,0.0
worth,0.0
worthy,0.0
wouldn,0.0
wow,0.0
wrap,0.0
wrapped,0.0
wrigley,0.0
write,0.0
writing,0.0
written,0.0
wrong,-0.08247831188770957
wrote,0.0
wyndham,0.0
xyz,0.0
yard,0.0
yards,0.0
yeah,0.0
year,0.0
years,0.0
yelled,0.0
yelling,0.0
yellow,0.0
yes,0.0
yo,0.0
yogurt,0.0
yolanda,0.0
york,0.0
yorkshire,0.0
young,0.0
youre,0.0
yr,0.0
yum,0.0
yummy,0.0
zero,0.0
zoo,0.0
zum,0.0
